category,subcategory,model_code,total_value_inr,total_units
Steel,Other Steel,STEEL,2262108490.72,12770247.71
Steel,Other Steel,STAINLESS,911321233.31,3288668.55
Steel,Other Steel,MILD,210460744.65,553361.2
Steel,Other Steel,RYX-02-021A,174346119.25,568474.0
Steel,Other Steel,HOUSEHOLD,166490644.87,134545.24
Steel,Other Steel,RYX-02-020,141434565.03,260568.0
Others,Others,SS,103235422.12,246599.5
Steel,Other Steel,NP-21,95426487.8,131260.6
Steel,Other Steel,KWB-600F,86279187.72,468160.0
Steel,Other Steel,SB-01,79056057.2,97661.4
Others,Others,KWP-1000B,74936755.39,149239.0
Steel,Other Steel,8001-2,70559999.27,132419.0
Steel,Other Steel,NP-20,69423200.53,97403.6
Steel,Other Steel,SL-01,63386488.120000005,87281.7
Steel,Other Steel,SB-12,60383266.62,108030.5
Steel,Other Steel,NP-55,59969199.099999994,77023.1
Steel,Other Steel,AM-06,57851863.230000004,69137.0
Steel,Other Steel,8504,54909267.769999996,84492.8
Steel,Other Steel,2628,53777260.83,37219.76
Steel,Other Steel,03-027I,38731310.42,176409.12
Steel,Other Steel,NP-003,38276938.74,66819.2
Steel,Other Steel,NP-19,37412840.589999996,101850.7
Steel,Other Steel,6527,35444280.87,70238.8
Steel,Other Steel,8505,34668396.980000004,60368.0
Steel,Other Steel,OKS-4156,34253984.37,85172.33
Steel,Other Steel,6901,33290060.97,90966.9
Steel,Other Steel,KL324H-9S,31926620.22,64754.8
Others,Others,KWP-600B,31613609.7,55162.8
Steel,Other Steel,SM1168,28813891.04,39760.0
Steel,Other Steel,6561,26283636.93,32790.8
Steel,Other Steel,6581,24702796.77,104967.5
Steel,Other Steel,6862,24012613.25,67236.0
Steel,Other Steel,6578,23801644.83,33606.600000000006
Others,Others,SS410,20408607.15,53476.5
Steel,Other Steel,FAMILY,20364727.93,75228.0
Steel,Other Steel,DS-25,18697327.62,23149.6
Others,Others,KWP-1000B-SS,15485162.4,109200.0
Steel,Other Steel,AM-430,14767832.219999999,38082.0
Steel,Other Steel,KL326D-9S,14686960.96,28032.6
Steel,Other Steel,KW-830,13460669.790000001,55510.0
Steel,Other Steel,RYX-02-026-3S,12389786.57,33072.0
Steel,Other Steel,AM-253,10739204.88,15021.5
Steel,Other Steel,AM-321,9675942.709999999,14741.1
Steel,Other Steel,SL-89,9372890.52,15568.0
Steel,Other Steel,6900,9129026.41,10374.0
Steel,Other Steel,6857,9000412.61,74369.7
Steel,Other Steel,H2740,8706114.71,19552.0
Steel,Other Steel,RS-02,8320201.43,9461.2
Others,Others,KWP-600B-SS,8016343.34,69804.0
Steel,Other Steel,AM-393,7333541.86,10204.8
Others,Others,NON,7099611.2299999995,25011.0
Steel,Other Steel,AM-217,7051748.83,8752.5
Steel,Other Steel,3888-HOUSEHOLD,6967341.8100000005,6964.8
Steel,Other Steel,MULTI,6962986.919999999,9072.0
Steel,Other Steel,SB-01STAINLESS,6951117.85,7860.299999999999
Steel,Other Steel,SY-845-4,6702414.57,9744.0
Steel,Other Steel,6856,6334192.64,7128.0
Steel,Other Steel,8001-1PCS,5997462.85,648200.0
Steel,Other Steel,AM-296,5340643.609999999,6657.6
Others,Others,KWP-600P,5068725.48,6783.0
Steel,Other Steel,AM-395,4765415.25,5292.0
Steel,Other Steel,AM-458,4548882.07,6159.0
Steel,Other Steel,KL32D-9S,4404722.54,8451.0
Steel,Other Steel,BCLR-3,4198611.350000001,4841.8
Steel,Other Steel,KWS-750B-,4077177.36,46044.0
Steel,Other Steel,AM-314,3888269.16,4327.3
Steel,Other Steel,6587,3886161.3,4042.1
Steel,Other Steel,SB-01-STAINLESS,3670688.9800000004,4280.7
Steel,Other Steel,BLCR-3,3656589.88,4134.4
Steel,Other Steel,AM-394,3512507.46,4585.5
Steel,Other Steel,SY-845-7,3423739.29,5880.0
Steel,Other Steel,WB-750,3421267.59,4266.6
Others,Others,STILL,3369632.3499999996,4847.0
Steel,Other Steel,8001-2STEEL,3349011.1900000004,4823.0
Steel,Other Steel,AM-398,3256200.67,4773.599999999999
Steel,Other Steel,AM-322,3167656.92,5610.0
Steel,Other Steel,AM-459,2901168.29,3702.1
Steel,Other Steel,AM-457,2789510.45,3570.0
Steel,Other Steel,MP-202,2636765.21,3809.0
Others,Others,AN-02,2627746.5,10395.0
Others,Others,SS410-A,2401931.5,7207.2
Steel,Other Steel,8001-,2205577.92,134400.0
Steel,Other Steel,SS,2096656.02,6401.0
Steel,Other Steel,KWS-750D-,1917570.3299999998,19476.0
Steel,Other Steel,03-0271,1863874.0299999998,10701.0
Steel,Other Steel,SY604A-4,1731405.9600000002,3052.0
Steel,Other Steel,KWS-750C,1717467.57,19188.0
Others,Others,RYX-02-020,1494146.21,1232.0
Steel,Other Steel,KW-868-,1481301.2999999998,14040.0
Others,Others,KWP-1000B-,1478376.98,2812.0
Steel,Other Steel,AM-461,1398840.58,1683.0
Steel,Other Steel,GS-47,1394204.51,3500.0
Steel,Other Steel,KW830-,1318107.03,14040.0
Steel,Other Steel,AM-06-STAINLESS,1315650.3399999999,1468.8
Steel,Other Steel,KW-820,1255340.07,14040.0
Steel,Other Steel,AISI430,1232947.75,100080.0
Steel,Other Steel,STAINESS,1203865.59,9596.0
Others,Others,SLEEL,1177257.17,2520.0
Others,Others,AN-01,1158422.9300000002,4590.0
Steel,Other Steel,RYX-02-021A-13,1054219.45,4268.0
Others,Others,RYX-02-021A,979044.99,1296.0
Others,Others,TEA,949209.7400000001,16368.0
Steel,Other Steel,STAINLEES,791283.57,940.5
Others,Others,KWP-600B-,745847.79,1205.0
Steel,Other Steel,AM-625,735447.69,1750.0
Steel,Other Steel,AM-460,630815.8300000001,744.9
Steel,Other Steel,RYX-08010D,540432.3099999999,1479.0
Steel,Other Steel,HOUSE,344605.56999999995,800.0
Steel,Other Steel,KIDS,302937.81,2880.0
Steel,Other Steel,AM-456,172011.53,210.0
Steel,Other Steel,TH5170,149236.94,290.0
Steel,Other Steel,RYX-0237F,111983.3,176.4
Steel,Other Steel,NP-21-STAINLESS,107613.81,148.0
Steel,Other Steel,AM-396-STAINLESS,105584.26999999999,108.0
Steel,Other Steel,AM-514,98278.87,93.1
Steel,Other Steel,AM-515,95761.15,91.4
Steel,Other Steel,SY772-42,93034.05,273.0
Steel,Other Steel,AM-397-STAINLESS,92914.14000000001,106.0
Others,Others,SS410-B,80985.23000000001,223.3
Steel,Other Steel,SY604A,67185.09,70.0
Steel,Other Steel,AM-603,66031.49,50.0
Steel,Other Steel,SY592A-0085,55817.58,95.0
Others,Others,STEEK,55761.74,195.0
Steel,Other Steel,SY722-9602,54563.520000000004,78.0
Steel,Other Steel,SY-04-STAINLESS,53847.95,69.0
Steel,Other Steel,SY-03-STAINLESS,51947.56,60.0
Steel,Other Steel,AM-967,50309.8,460.0
Steel,Other Steel,AM-966,49626.59,310.0
Steel,Other Steel,SY-02-STAINLESS,48357.619999999995,60.0
Steel,Other Steel,SY-01-STAINLESS,47724.09,63.0
Steel,Other Steel,SD1078-B,45685.6,83.3
Steel,Other Steel,580F,45019.32,40.0
Steel,Other Steel,AM-965,42980.34,168.0
Others,Others,320F,24556.18,50.0
